colegio,articulo,producto_colegio,talla,inventario,pronostico_agosto_septiembre,stock_minimo,orden_sin_redondeo,orden_produccion
antonio narino,camiseta diario/fisica,camiseta diario/fisica_antonio narino,16,6,6,3,3,5
colsafa,blusa,blusa_colsafa,M,3,3,2,2,5
colsafa,blusa,blusa_colsafa,S,12,8,7,3,5
colsafa,bombacho,bombacho_colsafa,16,4,3,2,1,5
colsafa,bombacho,bombacho_colsafa,L,2,2,1,1,5
colsafa,bombacho,bombacho_colsafa,S,2,4,2,4,5
colsafa,camiseta externa,camiseta externa_colsafa,10,0,1,1,2,5
colsafa,camiseta externa,camiseta externa_colsafa,12,0,1,1,2,5
colsafa,camiseta externa,camiseta externa_colsafa,14,0,5,1,6,10
colsafa,camiseta externa,camiseta externa_colsafa,16,0,1,1,2,5
colsafa,camiseta externa,camiseta externa_colsafa,L,0,2,1,3,5
colsafa,camiseta externa,camiseta externa_colsafa,M,0,3,1,4,5
colsafa,camiseta externa,camiseta externa_colsafa,S,0,2,1,3,5
colsafa,camiseta interna,camiseta interna_colsafa,14,0,3,2,5,5
colsafa,camiseta interna,camiseta interna_colsafa,16,0,2,1,3,5
colsafa,falda,falda_colsafa,16,0,2,0,2,5
colsafa,guayabera,guayabera_colsafa,14,2,5,4,7,10
colsafa,guayabera,guayabera_colsafa,L,3,5,6,8,10
colsafa,guayabera,guayabera_colsafa,S,4,4,2,2,5
colsafa,pantalon,pantalon_colsafa,10,0,3,2,5,5
colsafa,pantalon,pantalon_colsafa,12,0,2,1,3,5
colsafa,pantalon,pantalon_colsafa,14,0,1,1,2,5
colsafa,pantalon,pantalon_colsafa,28,0,3,2,5,5
colsafa,pantalon,pantalon_colsafa,30,0,1,1,2,5
colsafa,pantalon,pantalon_colsafa,32,0,1,1,2,5
colsafa,pantalon,pantalon_colsafa,6,0,2,2,4,5
colsafa,pantalon,pantalon_colsafa,8,0,4,2,6,10
colsafa,pantaloneta,pantaloneta_colsafa,14,0,1,1,2,5
colsafa,pantaloneta,pantaloneta_colsafa,M,0,1,1,2,5
conalco,blusa,blusa_conalco,12,5,4,2,1,5
conalco,blusa,blusa_conalco,14,1,4,2,5,5
conalco,blusa,blusa_conalco,16,3,7,3,7,10
conalco,blusa,blusa_conalco,S,5,5,3,3,5
conalco,bombacho,bombacho_conalco,16,6,12,9,15,15
conalco,bombacho,bombacho_conalco,L,4,5,4,5,5
conalco,bombacho,bombacho_conalco,M,15,11,11,7,10
conalco,bombacho,bombacho_conalco,S,14,12,10,8,10
conalco,camiseta fisica,camiseta fisica_conalco,12,7,7,4,4,5
conalco,camiseta fisica,camiseta fisica_conalco,16,2,6,5,9,10
conalco,camiseta fisica,camiseta fisica_conalco,4,0,1,1,2,5
conalco,camiseta fisica,camiseta fisica_conalco,S,7,6,12,11,15
conalco,falda,falda_conalco,12,0,4,2,6,10
conalco,falda,falda_conalco,16,0,1,1,2,5
conalco,falda,falda_conalco,M,0,1,1,2,5
conalco,guayabera,guayabera_conalco,10,5,4,2,1,5
conalco,pantalon,pantalon_conalco,10,0,2,4,6,10
conalco,pantalon,pantalon_conalco,12,0,3,2,5,5
conalco,pantalon,pantalon_conalco,14,0,5,2,7,10
conalco,pantalon,pantalon_conalco,16,0,6,4,10,10
conalco,pantalon,pantalon_conalco,28,1,7,3,9,10
conalco,pantalon,pantalon_conalco,32,1,2,1,2,5
conalco,pantalon,pantalon_conalco,34,1,1,1,1,5
conalco,pantalon,pantalon_conalco,36,0,1,1,2,5
conalco,pantalon,pantalon_conalco,8,0,1,2,3,5
gimnasio plaza feliz,blusa,blusa_gimnasio plaza feliz,16,0,1,1,2,5
gimnasio plaza feliz,blusa,blusa_gimnasio plaza feliz,8,2,3,1,2,5
gimnasio plaza feliz,bombacho,bombacho_gimnasio plaza feliz,6,1,2,2,3,5
gimnasio plaza feliz,bombacho,bombacho_gimnasio plaza feliz,8,0,3,2,5,5
gimnasio plaza feliz,camiseta fisica,camiseta fisica_gimnasio plaza feliz,16,0,1,1,2,5
gimnasio plaza feliz,camiseta fisica,camiseta fisica_gimnasio plaza feliz,8,1,3,2,4,5
gimnasio plaza feliz,camiseta fisica,camiseta fisica_gimnasio plaza feliz,S,0,2,2,4,5
gimnasio plaza feliz,guayabera,guayabera_gimnasio plaza feliz,10,1,3,2,4,5
gimnasio plaza feliz,guayabera,guayabera_gimnasio plaza feliz,12,4,0,5,1,5
gimnasio plaza feliz,guayabera,guayabera_gimnasio plaza feliz,14,1,1,1,1,5
gimnasio plaza feliz,guayabera,guayabera_gimnasio plaza feliz,16,3,0,6,3,5
gimnasio plaza feliz,guayabera,guayabera_gimnasio plaza feliz,8,3,3,2,2,5
gimnasio plaza feliz,guayabera,guayabera_gimnasio plaza feliz,XL,1,1,1,1,5
gimnasio plaza feliz,jumper,jumper_gimnasio plaza feliz,12,0,1,1,2,5
gimnasio plaza feliz,jumper,jumper_gimnasio plaza feliz,16,0,1,1,2,5
gimnasio plaza feliz,jumper,jumper_gimnasio plaza feliz,8,0,2,2,4,5
gimnasio vallegrande,bombacho dama,bombacho dama_gimnasio vallegrande,12,1,2,2,3,5
gimnasio vallegrande,bombacho dama,bombacho dama_gimnasio vallegrande,S,3,2,3,2,5
gimnasio vallegrande,bombacho hombre,bombacho hombre_gimnasio vallegrande,12,3,2,2,1,5
gimnasio vallegrande,bombacho hombre,bombacho hombre_gimnasio vallegrande,L,2,2,2,2,5
gimnasio vallegrande,camiseta de fisica externa,camiseta de fisica externa_gimnasio vallegrande,8,0,1,1,2,5
gimnasio vallegrande,camiseta de fisica interna,camiseta de fisica interna_gimnasio vallegrande,12,0,2,2,4,5
gimnasio vallegrande,falda,falda_gimnasio vallegrande,10,0,1,1,2,5
gimnasio vallegrande,falda,falda_gimnasio vallegrande,14,0,1,1,2,5
gimnasio vallegrande,falda,falda_gimnasio vallegrande,L,0,1,1,2,5
gimnasio vallegrande,falda,falda_gimnasio vallegrande,S,0,1,1,2,5
gimnasio vallegrande,pantaloneta,pantaloneta_gimnasio vallegrande,14,4,0,6,2,5
hogar,bombacho fisica,bombacho fisica_hogar,4,0,9,7,16,20
hogar,camiseta fisica,camiseta fisica_hogar,4,5,11,6,12,15
hogar,camiseta fisica,camiseta fisica_hogar,6,2,4,2,4,5
la inmaculada,blusa,blusa_la inmaculada,10,4,5,2,3,5
la inmaculada,blusa,blusa_la inmaculada,14,0,6,3,9,10
la inmaculada,blusa,blusa_la inmaculada,16,3,3,11,11,15
la inmaculada,blusa,blusa_la inmaculada,S,1,3,4,6,10
la inmaculada,bombacho,bombacho_la inmaculada,4,0,1,1,2,5
la inmaculada,camiseta fisica,camiseta fisica_la inmaculada,10,5,6,7,8,10
la inmaculada,camiseta fisica,camiseta fisica_la inmaculada,14,11,6,8,3,5
la inmaculada,jumper,jumper_la inmaculada,12,0,3,1,4,5
la inmaculada,jumper,jumper_la inmaculada,16,0,1,1,2,5
la inmaculada,jumper,jumper_la inmaculada,6,0,1,1,2,5
la inmaculada,jumper,jumper_la inmaculada,8,0,1,1,2,5
la inmaculada,jumper,jumper_la inmaculada,M,0,1,1,2,5
liceo pupo jimenez,bermuda,bermuda_liceo pupo jimenez,2,0,1,1,2,5
liceo pupo jimenez,blusa,blusa_liceo pupo jimenez,10,4,3,2,1,5
liceo pupo jimenez,blusa,blusa_liceo pupo jimenez,14,4,4,2,2,5
liceo pupo jimenez,blusa,blusa_liceo pupo jimenez,16,5,7,3,5,5
liceo pupo jimenez,blusa,blusa_liceo pupo jimenez,8,1,1,1,1,5
liceo pupo jimenez,blusa,blusa_liceo pupo jimenez,L,0,3,2,5,5
liceo pupo jimenez,blusa,blusa_liceo pupo jimenez,M,7,6,2,1,5
liceo pupo jimenez,bombacho,bombacho_liceo pupo jimenez,12,0,4,7,11,15
liceo pupo jimenez,bombacho,bombacho_liceo pupo jimenez,14,2,1,2,1,5
liceo pupo jimenez,bombacho,bombacho_liceo pupo jimenez,4,0,1,1,2,5
liceo pupo jimenez,bombacho,bombacho_liceo pupo jimenez,8,0,2,10,12,15
liceo pupo jimenez,bombacho,bombacho_liceo pupo jimenez,M,1,3,1,3,5
liceo pupo jimenez,camiseta diario,camiseta diario_liceo pupo jimenez,10,5,5,4,4,5
liceo pupo jimenez,camiseta diario,camiseta diario_liceo pupo jimenez,M,13,5,11,3,5
liceo pupo jimenez,camiseta diario,camiseta diario_liceo pupo jimenez,XL,2,2,1,1,5
liceo pupo jimenez,camiseta fisica,camiseta fisica_liceo pupo jimenez,10,10,1,10,1,5
liceo pupo jimenez,camiseta fisica,camiseta fisica_liceo pupo jimenez,12,6,2,13,9,10
liceo pupo jimenez,camiseta fisica,camiseta fisica_liceo pupo jimenez,14,11,1,14,4,5
liceo pupo jimenez,camiseta fisica,camiseta fisica_liceo pupo jimenez,16,11,1,11,1,5
liceo pupo jimenez,camiseta fisica,camiseta fisica_liceo pupo jimenez,M,9,3,14,8,10
liceo pupo jimenez,camiseta fisica,camiseta fisica_liceo pupo jimenez,S,9,3,12,6,10
liceo pupo jimenez,falda,falda_liceo pupo jimenez,12,0,1,1,2,5
liceo pupo jimenez,falda,falda_liceo pupo jimenez,8,0,3,2,5,5
liceo pupo jimenez,falda,falda_liceo pupo jimenez,S,0,1,1,2,5
liceo pupo jimenez,pantalon,pantalon_liceo pupo jimenez,10,0,1,1,2,5
liceo pupo jimenez,pantalon,pantalon_liceo pupo jimenez,12,0,6,2,8,10
liceo pupo jimenez,pantalon,pantalon_liceo pupo jimenez,14,0,1,1,2,5
liceo pupo jimenez,pantalon,pantalon_liceo pupo jimenez,16,0,0,4,4,5
liceo pupo jimenez,pantalon,pantalon_liceo pupo jimenez,28,0,2,2,4,5
liceo pupo jimenez,pantalon,pantalon_liceo pupo jimenez,30,0,1,1,2,5
liceo pupo jimenez,pantalon,pantalon_liceo pupo jimenez,32,0,3,1,4,5
liceo pupo jimenez,pantalon,pantalon_liceo pupo jimenez,34,0,1,1,2,5
liceo pupo jimenez,pantalon,pantalon_liceo pupo jimenez,36,0,1,1,2,5
liceo pupo jimenez,pantalon,pantalon_liceo pupo jimenez,8,0,4,2,6,10
liceo universitario,blusa,blusa_liceo universitario,S,0,2,2,4,5
liceo universitario,bombacho,bombacho_liceo universitario,10,0,1,1,2,5
liceo universitario,bombacho,bombacho_liceo universitario,16,0,3,5,8,10
liceo universitario,bombacho,bombacho_liceo universitario,S,2,4,2,4,5
liceo universitario,camiseta fisica,camiseta fisica_liceo universitario,10,3,1,7,5,5
liceo universitario,camiseta fisica,camiseta fisica_liceo universitario,16,2,2,6,6,10
liceo universitario,camiseta fisica,camiseta fisica_liceo universitario,S,0,2,5,7,10
liceo universitario,falda,falda_liceo universitario,16,0,1,1,2,5
liceo universitario,guayabera,guayabera_liceo universitario,10,0,1,1,2,5
liceo universitario,pantalon,pantalon_liceo universitario,16,2,3,2,3,5
nuestra senora del carmen,blusa,blusa_nuestra senora del carmen,4,0,3,2,5,5
nuestra senora del carmen,bombacho,bombacho_nuestra senora del carmen,L,0,2,1,3,5
nuestra senora del carmen,bombacho,bombacho_nuestra senora del carmen,M,4,3,2,1,5
nuestra senora del carmen,camiseta fisica,camiseta fisica_nuestra senora del carmen,12,0,2,2,4,5
nuestra senora del carmen,camiseta fisica,camiseta fisica_nuestra senora del carmen,2,0,1,1,2,5
nuestra senora del carmen,camiseta fisica,camiseta fisica_nuestra senora del carmen,M,0,5,3,8,10
nuestra senora del carmen,cordon,cordon_nuestra senora del carmen,4,0,1,1,2,5
nuestra senora del carmen,cordon,cordon_nuestra senora del carmen,6,0,1,1,2,5
nuestra senora del carmen,guayabera,guayabera_nuestra senora del carmen,16,0,2,0,2,5
nuestra senora del carmen,guayabera,guayabera_nuestra senora del carmen,L,1,2,1,2,5
nuestra senora del carmen,guayabera,guayabera_nuestra senora del carmen,S,0,2,2,4,5
nuestra senora del carmen,jumper,jumper_nuestra senora del carmen,12,0,1,1,2,5
nuestra senora del carmen,pantalon,pantalon_nuestra senora del carmen,12,0,2,1,3,5
nuestra senora del carmen,pantalon,pantalon_nuestra senora del carmen,16,0,1,1,2,5
pantalones azules,intermedio,intermedio_pantalones azules,36,1,1,1,1,5
